id;amount;channel;currency;source_account;source_account_bank_code;source_account_name;source_narration;destination_account;destination_account_bank_code;destination_account_name;destination_narration;status_web_hook;transaction_ref;response_code;response_message;transaction_type;scheme_owner_id
1;97198;contextually-based Practical;Planner;Soap Awesome Principal;eyeballs Swedish Krona Facilitator;Personal Loan Account;Ergonomic Realigned Cambridgeshire;synthesize;Accountability;web-readiness Awesome Cotton Hat Checking Account;web-readiness Rial Omani applications;Specialist Consultant;envisioneer IB online;Outdoors Chicken Guinea;Soft;OTHER;Practical Wooden Cheese programming Metal
2;80946;reboot Hollow;Chile Gourde US Dollar Open-source;green program;Automotive;turquoise;Books;Point;sexy transmit;hard drive Money Market Account invoice;Books Cove;Open-architected GB;emulation;web-readiness El Salvador Table;User-centric;OTHER;Architect
3;68389;bluetooth Chile deposit;Bermuda South Carolina Intelligent;Saint Lucia;indigo Security;Colombian Peso Unidad de Valor Real Bike generating;yellow;Associate Practical Frozen Gloves;bypass Utah Internal;object-oriented;Shoes feed rich;RAM neural Rustic Soft Gloves;secured line Corporate Licensed Wooden Chair;Georgia Buckinghamshire payment;Developer Investment Account;OTHER;Plastic Sleek
4;65822;Customizable synthesizing;Crest content Lilangeni;primary;Ranch Mouse;program Rustic;Bedfordshire cross-platform Mission;Swedish Krona Small Rubber Chicken executive;Bike Unbranded Soft Towels;Small CSS Pizza;cyan Hills matrices;Gorgeous Soft Keyboard;Checking Account Home Loan Account;niches Gorgeous Keys;Tuna analyzing Bosnia and Herzegovina;WALLET_TOPUP;users deposit
5;26024;XML next generation yellow;redundant back-end;Mews;cross-media withdrawal;compress world-class whiteboard;Awesome;mint green Practical Fresh Computer;solid state;green;synthesizing Berkshire;Table;budgetary management;incubate back-end;Monitored;OTHER;Puerto Rico Electronics
6;21769;port;Investor Sleek Plastic Bike Namibia;viral;District;Focused;invoice Iraqi Dinar;Avon Landing Sleek Fresh Chips;XML compress;Georgia Small Handcrafted Fresh Sausages;Designer;protocol Alabama cross-platform;Strategist RAM;Ohio;Investment Account Mountains;BILLS_PAYMENT;efficient online
7;82622;Personal Loan Account incremental;Rubber Division;Handmade;Bacon;harness;Intelligent Steel Cheese Ghana;Sharable;interface;enterprise;Small Kansas XML;turn-key Fundamental;upward-trending programming markets;high-level Avon;Lake Optional protocol;OTHER;Corporate
8;84164;Consultant mobile;utilisation Unbranded Steel Bacon Belize;partnerships Refined Ville;Car Ergonomic Metal;well-modulated Refined;cross-platform virtual;copying Forward;Creative Arizona;Optimization e-business XSS;SAS Interactions;COM Serbian Dinar enhance;Tasty;1080p;Belize;BILLS_PAYMENT;Sleek Steel Shirt Maine
9;31779;user-centric;Integration Polarised granular;Consultant Human;CSS;Security XSS generating;systemic withdrawal Cambridgeshire;bypassing;payment Gorgeous;payment digital;overriding Computer deposit;Customer-focused Quality;eyeballs Kentucky Distributed;salmon navigating cross-platform;innovate Buckinghamshire transmitting;WALLET_TOPUP;Division
10;5598;Soft User-friendly Optimization;South Carolina;protocol Metal Bedfordshire;River;Burg;Granite;orchestrate exploit payment;infrastructures Visionary;UAE Dirham;Taiwan Virginia;generate;Supervisor New York;Chief Fresh Money Market Account;Djibouti fault-tolerant Handcrafted;WALLET_TOPUP;SMS foreground
